ANIO,MES,total_incidentes
2015,1,225273
2015,2,241781
2015,3,262473
2015,4,240207
2015,5,281282
2015,6,250318
2015,7,274193
2015,8,284493
2015,9,287730
2015,10,287878
2015,11,285253
2015,12,310478
2016,1,261573
2016,2,276901
2016,3,285589
2016,4,291987
2016,5,285845
2016,6,275514
2016,7,245867
2016,8,231711
2016,9,228515
2016,10,249469
2016,11,240288
2016,12,270833
2017,1,228513
2017,2,252527
2017,3,267958
2017,4,253156
2017,5,263203
2017,6,249986
2017,7,256755
2017,8,262353
2017,9,248382
2017,10,263137
2017,11,255705
2017,12,301907
2018,1,222198
2018,2,233144
2018,3,256787
2018,4,240939
2018,5,243114
2018,6,230117
2018,7,237199
2018,8,236198
2018,9,245087
2018,10,240232
2018,11,233993
2018,12,275827
2019,1,207596
2019,2,214888
2019,3,245512
2019,4,219281
2019,5,229254
2019,6,215450
2019,7,215664
2019,8,232038
2019,9,228544
2019,10,228048
2019,11,245145
2019,12,133210
2020,1,128916
2020,2,76408
2020,3,194988
2020,4,222416
2020,5,238005
2020,6,254548
2020,7,255893
2020,8,211148
2020,9,171638
2020,10,215167
2020,11,208638
2020,12,187343
2021,1,217835
2021,2,181999
2021,3,154579
2021,4,224120
2021,5,223231
2021,6,209633
2021,7,197870
2021,8,174952
2021,9,189888
2021,10,193577
2021,11,180085
2021,12,213169
2022,1,156858
2022,2,154926
2022,3,181937
2022,4,181187
2022,5,203595
2022,6,177693
2022,7,191070
2022,8,181149
2022,9,180633
2022,10,190141
2022,11,186178
2022,12,209146
2023,1,159427
2023,2,168663
2023,3,170966
2023,4,187961
2023,5,198654
2023,6,181037
2023,7,175819
2023,8,151862
2023,9,182292
2023,10,189504
2023,11,183569
2023,12,198913
2024,1,123199
2024,2,176945
2024,3,157394
2024,4,116014
2024,5,184110
2024,6,189199
2024,7,189449
2024,8,180139
2024,9,197037
2024,10,195686
2024,11,184939
2024,12,221946
2025,1,158068
2025,2,175583
2025,3,206151
2025,4,187554
2025,5,200682
2025,6,196537
2025,7,202033
2025,8,211228
2025,9,208687
2025,10,209160
2025,11,216935
2025,12,234976
2026,1,184440
2026,2,189671
2026,3,217877
2026,4,196551
2026,5,198062
2026,6,180459
2026,7,179133
2026,8,190493
