ANIO,COD_LOCALIDAD,LOCALIDAD,total_incidentes
2015,08,KENNEDY,408666
2015,11,SUBA,389900
2015,10,ENGATIVÁ,350479
2015,01,USAQUÉN,234624
2015,19,CIUDAD BOLÍVAR,216161
2015,07,BOSA,211047
2015,04,SAN CRISTÓBAL,166941
2015,18,RAFAEL URIBE URIBE,164297
2015,09,FONTIBÓN,161905
2015,16,PUENTE ARANDA,153258
2015,02,CHAPINERO,153113
2015,13,TEUSAQUILLO,117266
2015,05,USME,115837
2015,12,BARRIOS UNIDOS,112379
2015,03,SANTA FE,106194
2015,06,TUNJUELITO,92023
2015,14,LOS MÁRTIRES,88475
2015,15,ANTONIO NARIÑO,65847
2015,17,CANDELARIA,22636
2016,11,SUBA,406153
2016,08,KENNEDY,397990
2016,10,ENGATIVÁ,333845
2016,01,USAQUÉN,240958
2016,07,BOSA,201579
2016,19,CIUDAD BOLÍVAR,200012
2016,02,CHAPINERO,158842
2016,09,FONTIBÓN,156973
2016,18,RAFAEL URIBE URIBE,155560
2016,04,SAN CRISTÓBAL,151465
2016,16,PUENTE ARANDA,142822
2016,13,TEUSAQUILLO,118981
2016,12,BARRIOS UNIDOS,111916
2016,03,SANTA FE,107806
2016,05,USME,99822
2016,14,LOS MÁRTIRES,92238
2016,06,TUNJUELITO,83522
2016,15,ANTONIO NARIÑO,62101
2016,17,CANDELARIA,23247
2017,08,KENNEDY,410551
2017,11,SUBA,403728
2017,10,ENGATIVÁ,325747
2017,01,USAQUÉN,237677
2017,19,CIUDAD BOLÍVAR,220612
2017,07,BOSA,213778
2017,18,RAFAEL URIBE URIBE,151472
2017,04,SAN CRISTÓBAL,147214
2017,09,FONTIBÓN,145370
2017,02,CHAPINERO,144104
2017,16,PUENTE ARANDA,139903
2017,13,TEUSAQUILLO,108868
2017,12,BARRIOS UNIDOS,104595
2017,05,USME,102038
2017,03,SANTA FE,90652
2017,14,LOS MÁRTIRES,84789
2017,06,TUNJUELITO,77902
2017,15,ANTONIO NARIÑO,58653
2017,17,CANDELARIA,21139
2018,11,SUBA,390921
2018,08,KENNEDY,374651
2018,10,ENGATIVÁ,303922
2018,01,USAQUÉN,223460
2018,19,CIUDAD BOLÍVAR,211116
2018,07,BOSA,204047
2018,18,RAFAEL URIBE URIBE,144826
2018,04,SAN CRISTÓBAL,138582
2018,09,FONTIBÓN,137323
2018,16,PUENTE ARANDA,129963
2018,02,CHAPINERO,127998
2018,13,TEUSAQUILLO,97569
2018,12,BARRIOS UNIDOS,94694
2018,05,USME,92423
2018,03,SANTA FE,82713
2018,06,TUNJUELITO,73134
2018,14,LOS MÁRTIRES,73089
2018,15,ANTONIO NARIÑO,54315
2018,17,CANDELARIA,19416
2019,11,SUBA,358446
2019,08,KENNEDY,344074
2019,10,ENGATIVÁ,289194
2019,01,USAQUÉN,199505
2019,07,BOSA,193171
2019,19,CIUDAD BOLÍVAR,192918
2019,04,SAN CRISTÓBAL,135786
2019,18,RAFAEL URIBE URIBE,132709
2019,09,FONTIBÓN,131220
2019,02,CHAPINERO,121723
2019,16,PUENTE ARANDA,118258
2019,13,TEUSAQUILLO,88829
2019,12,BARRIOS UNIDOS,88574
2019,05,USME,83190
2019,03,SANTA FE,76566
2019,14,LOS MÁRTIRES,68991
2019,06,TUNJUELITO,65256
2019,15,ANTONIO NARIÑO,49462
2019,17,CANDELARIA,17169
2019,20,SUMAPAZ,3
2020,08,KENNEDY,387199
2020,11,SUBA,383959
2020,10,ENGATIVÁ,309507
2020,07,BOSA,252472
2020,19,CIUDAD BOLÍVAR,228846
2020,01,USAQUÉN,179438
2020,18,RAFAEL URIBE URIBE,158163
2020,04,SAN CRISTÓBAL,157369
2020,05,USME,129312
2020,09,FONTIBÓN,128253
2020,16,PUENTE ARANDA,112719
2020,12,BARRIOS UNIDOS,73250
2020,02,CHAPINERO,72805
2020,14,LOS MÁRTIRES,68456
2020,06,TUNJUELITO,67400
2020,13,TEUSAQUILLO,66998
2020,03,SANTA FE,63635
2020,15,ANTONIO NARIÑO,49304
2020,17,CANDELARIA,11125
2020,20,SUMAPAZ,38
2021,08,KENNEDY,348951
2021,11,SUBA,342125
2021,10,ENGATIVÁ,300336
2021,07,BOSA,211738
2021,19,CIUDAD BOLÍVAR,190198
2021,01,USAQUÉN,165591
2021,04,SAN CRISTÓBAL,137204
2021,18,RAFAEL URIBE URIBE,130421
2021,09,FONTIBÓN,112527
2021,05,USME,112296
2021,16,PUENTE ARANDA,105958
2021,02,CHAPINERO,78655
2021,12,BARRIOS UNIDOS,77181
2021,13,TEUSAQUILLO,72673
2021,14,LOS MÁRTIRES,67623
2021,03,SANTA FE,62021
2021,06,TUNJUELITO,60436
2021,15,ANTONIO NARIÑO,50135
2021,17,CANDELARIA,11212
2021,20,SUMAPAZ,78
2022,11,SUBA,311069
2022,08,KENNEDY,301357
2022,10,ENGATIVÁ,261256
2022,07,BOSA,179792
2022,19,CIUDAD BOLÍVAR,162518
2022,01,USAQUÉN,151999
2022,04,SAN CRISTÓBAL,119146
2022,18,RAFAEL URIBE URIBE,110205
2022,09,FONTIBÓN,109557
2022,16,PUENTE ARANDA,102061
2022,05,USME,97742
2022,02,CHAPINERO,90950
2022,13,TEUSAQUILLO,77324
2022,12,BARRIOS UNIDOS,74264
2022,14,LOS MÁRTIRES,65067
2022,03,SANTA FE,62092
2022,06,TUNJUELITO,54733
2022,15,ANTONIO NARIÑO,47663
2022,17,CANDELARIA,12447
2022,20,SUMAPAZ,115
2023,11,SUBA,297308
2023,08,KENNEDY,290239
2023,10,ENGATIVÁ,249410
2023,07,BOSA,180334
2023,19,CIUDAD BOLÍVAR,158844
2023,01,USAQUÉN,150410
2023,04,SAN CRISTÓBAL,114800
2023,09,FONTIBÓN,110590
2023,18,RAFAEL URIBE URIBE,110061
2023,16,PUENTE ARANDA,99396
2023,05,USME,98048
2023,02,CHAPINERO,85023
2023,13,TEUSAQUILLO,77593
2023,12,BARRIOS UNIDOS,74317
2023,14,LOS MÁRTIRES,61094
2023,03,SANTA FE,60321
2023,06,TUNJUELITO,55663
2023,15,ANTONIO NARIÑO,44981
2023,17,CANDELARIA,12593
2023,20,SUMAPAZ,111
2024,11,SUBA,292984
2024,08,KENNEDY,280682
2024,10,ENGATIVÁ,236791
2024,07,BOSA,164620
2024,19,CIUDAD BOLÍVAR,158734
2024,01,USAQUÉN,145176
2024,04,SAN CRISTÓBAL,112158
2024,18,RAFAEL URIBE URIBE,110206
2024,16,PUENTE ARANDA,108128
2024,09,FONTIBÓN,106503
2024,05,USME,97178
2024,02,CHAPINERO,82660
2024,13,TEUSAQUILLO,74437
2024,12,BARRIOS UNIDOS,71821
2024,03,SANTA FE,62499
2024,14,LOS MÁRTIRES,60281
2024,06,TUNJUELITO,56427
2024,15,ANTONIO NARIÑO,43496
2024,17,CANDELARIA,12718
2024,20,SUMAPAZ,45
2025,11,SUBA,329404
2025,08,KENNEDY,322037
2025,10,ENGATIVÁ,269100
2025,07,BOSA,192237
2025,19,CIUDAD BOLÍVAR,174783
2025,01,USAQUÉN,164863
2025,18,RAFAEL URIBE URIBE,126189
2025,09,FONTIBÓN,121490
2025,04,SAN CRISTÓBAL,120196
2025,16,PUENTE ARANDA,118965
2025,05,USME,109011
2025,02,CHAPINERO,94185
2025,13,TEUSAQUILLO,86234
2025,12,BARRIOS UNIDOS,83313
2025,03,SANTA FE,71095
2025,14,LOS MÁRTIRES,69475
2025,06,TUNJUELITO,63157
2025,15,ANTONIO NARIÑO,49482
2025,17,CANDELARIA,14468
2025,20,SUMAPAZ,98
2026,11,SUBA,166716
2026,08,KENNEDY,162367
2026,10,ENGATIVÁ,134476
2026,07,BOSA,100418
2026,19,CIUDAD BOLÍVAR,91980
2026,01,USAQUÉN,82441
2026,18,RAFAEL URIBE URIBE,65110
2026,04,SAN CRISTÓBAL,62155
2026,09,FONTIBÓN,61822
2026,16,PUENTE ARANDA,55271
2026,05,USME,55005
2026,02,CHAPINERO,47410
2026,13,TEUSAQUILLO,43088
2026,12,BARRIOS UNIDOS,41598
2026,14,LOS MÁRTIRES,34452
2026,03,SANTA FE,34292
2026,06,TUNJUELITO,30239
2026,15,ANTONIO NARIÑO,23678
2026,17,CANDELARIA,6577
2026,20,SUMAPAZ,52
