COD_LOCALIDAD,LOCALIDAD,total_incidentes,proporcion,peligro_0_100
11,SUBA,4072713,0.127625,100.0
08,KENNEDY,4028764,0.126248,98.9
10,ENGATIVÁ,3364063,0.105419,82.6
07,BOSA,2305233,0.072238,56.6
19,CIUDAD BOLÍVAR,2206722,0.069151,54.2
01,USAQUÉN,2176142,0.068193,53.4
04,SAN CRISTÓBAL,1563016,0.04898,38.4
18,RAFAEL URIBE URIBE,1559219,0.048861,38.3
09,FONTIBÓN,1483533,0.046489,36.4
16,PUENTE ARANDA,1386702,0.043455,34.0
02,CHAPINERO,1257468,0.039405,30.9
05,USME,1191902,0.03735,29.3
13,TEUSAQUILLO,1029860,0.032272,25.3
12,BARRIOS UNIDOS,1007902,0.031584,24.7
03,SANTA FE,879886,0.027573,21.6
14,LOS MÁRTIRES,834030,0.026136,20.5
06,TUNJUELITO,779892,0.024439,19.1
15,ANTONIO NARIÑO,599117,0.018774,14.7
17,CANDELARIA,184747,0.005789,4.5
20,SUMAPAZ,540,1.7e-05,0.0
