COD_UPZ,total_incidentes,nombre_upz,localidad,prob_pct,indice_0_100
UPZ28,1051868,EL RINCON,SUBA,3.4925,100.0
UPZ71,868397,TIBABUYES,SUBA,2.8833,82.53
UPZ84,725850,BOSA OCCIDENTAL,BOSA,2.41,68.95
UPZ85,719420,BOSA CENTRAL,BOSA,2.3887,68.34
UPZ73,634387,GARCES NAVAS,ENGATIVÁ,2.1063,60.24
UPZ47,620273,KENNEDY CENTRAL,KENNEDY,2.0595,58.9
UPZ75,619344,FONTIBON,FONTIBÓN,2.0564,58.81
UPZ42,568582,VENECIA,TUNJUELITO,1.8878,53.98
UPZ82,554311,PATIO BONITO,KENNEDY,1.8405,52.62
UPZ26,553055,LAS FERIAS,ENGATIVÁ,1.8363,52.5
UPZ102,539438,LA SABANA,LOS MÁRTIRES,1.7911,51.2
UPZ30,520742,BOYACA REAL,ENGATIVÁ,1.729,49.42
UPZ97,494581,CHICO LAGO,CHAPINERO,1.6421,46.93
UPZ74,492955,ENGATIVA,ENGATIVÁ,1.6367,46.77
UPZ67,484254,LUCERO,CIUDAD BOLÍVAR,1.6079,45.95
UPZ27,479286,SUBA,SUBA,1.5914,45.47
UPZ98,468935,LOS ALCAZARES,BARRIOS UNIDOS,1.557,44.49
UPZ39,464729,QUIROGA,RAFAEL URIBE URIBE,1.543,44.09
UPZ69,450987,ISMAEL PERDOMO,CIUDAD BOLÍVAR,1.4974,42.78
UPZ46,448744,CASTILLA,KENNEDY,1.4899,42.56
UPZ29,426291,MINUTO DE DIOS,ENGATIVÁ,1.4154,40.43
UPZ38,423232,RESTREPO,ANTONIO NARIÑO,1.4052,40.13
UPZ13,416486,LOS CEDROS,USAQUÉN,1.3828,39.49
UPZ86,406753,EL PORVENIR,BOSA,1.3505,38.56
UPZ45,395145,CARVAJAL,KENNEDY,1.312,37.46
UPZ48,394188,TIMIZA,KENNEDY,1.3088,37.37
UPZ40,387033,CIUDAD MONTES,PUENTE ARANDA,1.2851,36.69
UPZ9,377498,VERBENAL,USAQUÉN,1.2534,35.78
UPZ34,368661,20 DE JULIO,SAN CRISTÓBAL,1.2241,34.94
UPZ44,368617,AMERICAS,KENNEDY,1.2239,34.93
UPZ93,363541,LAS NIEVES,SANTA FE,1.2071,34.45
UPZ43,351697,SAN RAFAEL,PUENTE ARANDA,1.1677,33.32
UPZ50,348968,LA GLORIA,SAN CRISTÓBAL,1.1587,33.06
UPZ57,348711,GRAN YOMASA,USME,1.1578,33.04
UPZ19,347857,EL PRADO,SUBA,1.155,32.96
UPZ16,342118,SANTA BARBARA,USAQUÉN,1.1359,32.41
UPZ54,341105,MARRUECOS,RAFAEL URIBE URIBE,1.1326,32.31
UPZ100,335383,GALERIAS,TEUSAQUILLO,1.1136,31.77
UPZ22,319722,DOCE DE OCTUBRE,BARRIOS UNIDOS,1.0616,30.28
UPZ99,317631,CHAPINERO,CHAPINERO,1.0546,30.08
UPZ31,305456,SANTA CECILIA,ENGATIVÁ,1.0142,28.92
UPZ79,295851,CALANDAIMA,KENNEDY,0.9823,28.0
UPZ37,277405,SANTA ISABEL,LOS MÁRTIRES,0.9211,26.25
UPZ58,274252,COMUNEROS,USME,0.9106,25.95
UPZ70,271710,JERUSALEM,CIUDAD BOLÍVAR,0.9021,25.7
UPZ80,271655,CORABASTOS,KENNEDY,0.902,25.7
UPZ11,271638,SAN CRISTOBAL NORTE,USAQUÉN,0.9019,25.7
UPZ32,267206,SAN BLAS,SAN CRISTÓBAL,0.8872,25.28
UPZ24,262540,NIZA,SUBA,0.8717,24.83
UPZ101,256886,TEUSAQUILLO,TEUSAQUILLO,0.8529,24.29
UPZ81,256345,GRAN BRITALIA,KENNEDY,0.8511,24.24
UPZ66,255019,SAN FRANCISCO,CIUDAD BOLÍVAR,0.8467,24.12
UPZ41,247125,MUZU,PUENTE ARANDA,0.8205,23.36
UPZ36,239951,SAN JOSE,RAFAEL URIBE URIBE,0.7967,22.68
UPZ12,236481,TOBERIN,USAQUÉN,0.7852,22.35
UPZ55,234128,DIANA TURBAY,RAFAEL URIBE URIBE,0.7774,22.13
UPZ65,231811,ARBORIZADORA,CIUDAD BOLÍVAR,0.7697,21.9
UPZ51,226675,LOS LIBERTADORES,SAN CRISTÓBAL,0.7526,21.42
UPZ108,223347,ZONA INDUSTRIAL,PUENTE ARANDA,0.7416,21.1
UPZ87,212598,TINTAL SUR,BOSA,0.7059,20.08
UPZ53,210500,MARCO FIDEL SUAREZ,RAFAEL URIBE URIBE,0.6989,19.88
UPZ18,210389,BRITALIA,SUBA,0.6985,19.86
UPZ68,207537,EL TESORO,CIUDAD BOLÍVAR,0.6891,19.59
UPZ90,193698,PARDO RUBIO,CHAPINERO,0.6431,18.28
UPZ72,188052,BOLIVIA,ENGATIVÁ,0.6244,17.74
UPZ33,187424,SOSIEGO,SAN CRISTÓBAL,0.6223,17.68
UPZ94,180691,LA CANDELARIA,CANDELARIA,0.5999,17.04
UPZ62,179510,TUNJUELITO,TUNJUELITO,0.596,16.92
UPZ14,178762,USAQUEN,USAQUÉN,0.5935,16.85
UPZ21,166423,LOS ANDES,BARRIOS UNIDOS,0.5526,15.68
UPZ112,164784,GRANJAS DE TECHO,FONTIBÓN,0.5471,15.52
UPZ35,156312,CIUDAD JARDIN,ANTONIO NARIÑO,0.519,14.72
UPZ59,156249,ALFONSO LOPEZ,USME,0.5188,14.71
UPZ10,154734,LA URIBE,USAQUÉN,0.5138,14.56
UPZ17,154089,SAN JOSE DE BAVARIA,SUBA,0.5116,14.5
UPZ20,147118,LA ALHAMBRA,SUBA,0.4885,13.84
UPZ88,144221,EL REFUGIO,CHAPINERO,0.4789,13.56
UPZ95,144209,LAS CRUCES,SANTA FE,0.4788,13.56
UPZ114,142317,MODELIA,FONTIBÓN,0.4725,13.38
UPZ107,140928,QUINTA PAREDES,TEUSAQUILLO,0.4679,13.25
UPZ111,138921,PUENTE ARANDA,PUENTE ARANDA,0.4613,13.06
UPZ91,135024,SAGRADO CORAZON,SANTA FE,0.4483,12.69
UPZ25,134919,LA FLORESTA,SUBA,0.448,12.68
UPZ77,130031,ZONA FRANCA,FONTIBÓN,0.4317,12.21
UPZ76,126260,FONTIBON SAN PABLO,FONTIBÓN,0.4192,11.85
UPZ110,119975,CIUDAD SALITRE OCCIDENTAL,FONTIBÓN,0.3983,11.25
UPZ23,119829,CASA BLANCA SUBA,SUBA,0.3979,11.24
UPZ49,119293,APOGEO,BOSA,0.3961,11.19
UPZ96,111593,LOURDES,SANTA FE,0.3705,10.46
UPZ113,110613,BAVARIA,KENNEDY,0.3673,10.36
UPZ56,106195,DANUBIO,USME,0.3526,9.94
UPZ104,103772,PARQUE SIMON BOLIVAR - CAN,TEUSAQUILLO,0.3446,9.71
UPZ106,99381,LA ESMERALDA,TEUSAQUILLO,0.33,9.29
UPZ116,98471,ALAMOS,ENGATIVÁ,0.3269,9.21
UPZ115,86804,CAPELLANIA,FONTIBÓN,0.2882,8.1
UPZ78,84760,TINTAL NORTE,KENNEDY,0.2814,7.9
UPZ52,76844,LA FLORA,USME,0.2551,7.15
UPZ15,71919,COUNTRY CLUB,USAQUÉN,0.2388,6.68
UPZ92,71350,LA MACARENA,SANTA FE,0.2369,6.62
UPZ109,69353,CIUDAD SALITRE ORIENTAL,TEUSAQUILLO,0.2303,6.43
UPZ83,60548,LAS MARGARITAS,KENNEDY,0.201,5.6
UPZ61,54501,CIUDAD USME,USME,0.181,5.02
UPZ105,34961,JARDIN BOTANICO,ENGATIVÁ,0.1161,3.16
UPZ103,33527,PARQUE SALITRE,BARRIOS UNIDOS,0.1113,3.02
UPZ64,33497,MONTE BLANCO,CIUDAD BOLÍVAR,0.1112,3.02
UPZ1,32948,PASEO DE LOS LIBERTADORES,USAQUÉN,0.1094,2.97
UPZ117,30137,AEROPUERTO EL DORADO,FONTIBÓN,0.1001,2.7
UPZ89,24412,SAN ISIDRO - PATIOS,CHAPINERO,0.0811,2.15
UPZ63,14029,EL MOCHUELO,CIUDAD BOLÍVAR,0.0466,1.17
UPZ2,11464,LA ACADEMIA,SUBA,0.0381,0.92
UPZ3,4137,GUAYMARAL,SUBA,0.0137,0.22
UPZ60,1792,PARQUE ENTRENUBES,USME,0.0059,0.0
